"","Date","Total Receipts (MWh)"
"97","2008/01","1391169.0"
"98","2008/02","1411545.0"
"99","2008/03","2003497.0"
"100","2008/04","1915680.0"
"101","2008/05","2809124.0"
"102","2008/06","3464696.0"
"103","2008/07","2053489.0"
"104","2008/08","1381673.0"
"105","2008/09","1841723.0"
"106","2008/10","2003055.0"
"107","2008/11","2047542.0"
"108","2008/12","1569298.0"
"109","2009/01","2439724.0"
"110","2009/02","1559257.0"
"111","2009/03","1673849.0"
"112","2009/04","1451687.0"
"113","2009/05","1350757.0"
"114","2009/06","1557408.0"
"115","2009/07","1446128.0"
"116","2009/08","1350557.0"
"117","2009/09","1356274.0"
"118","2009/10","1318493.0"
"119","2009/11","1251268.0"
"120","2009/12","1516945.0"
"121","2010/01","1204844.0"
"122","2010/02","1012372.0"
"123","2010/03","1294529.0"
"124","2010/04","1263209.0"
"125","2010/05","1721865.0"
"126","2010/06","1515995.0"
"127","2010/07","1418305.0"
"128","2010/08","1806949.0"
"129","2010/09","2356975.0"
"130","2010/10","2097231.0"
"131","2010/11","1744539.0"
"132","2010/12","1216150.0"
"133","2011/01","1560658.0"
"134","2011/02","1490752.0"
"135","2011/03","1505577.0"
"136","2011/04","1567236.0"
"137","2011/05","1221910.0"
"138","2011/06","1243839.0"
"139","2011/07","1145486.0"
"140","2011/08","909230.0"
"141","2011/09","981278.0"
"142","2011/10","905612.0"
"143","2011/11","1094044.0"
"144","2011/12","922171.0"
"145","2012/01","900778.0"
"146","2012/02","838173.0"
"147","2012/03","1164406.0"
"148","2012/04","1220108.0"
"149","2012/05","1106350.0"
"150","2012/06","1148079.0"
"151","2012/07","917393.0"
"152","2012/08","756043.0"
"153","2012/09","832463.0"
"154","2012/10","704450.0"
"155","2012/11","765585.0"
"156","2012/12","1038440.0"
"157","2013/01","981973.0"
"158","2013/02","788236.0"
"159","2013/03","894360.0"
"160","2013/04","1191649.0"
"161","2013/05","901011.0"
"162","2013/06","722220.0"
"163","2013/07","926856.0"
"164","2013/08","791665.0"
"165","2013/09","668991.0"
"166","2013/10","914856.0"
"167","2013/11","846985.0"
"168","2013/12","1055892.0"
"169","2014/01","1246040.0"
"170","2014/02","1256663.0"
"171","2014/03","1901031.0"
"172","2014/04","1300754.0"
"173","2014/05","1132256.0"
"174","2014/06","1008558.0"
"175","2014/07","993624.0"
"176","2014/08","826275.0"
"177","2014/09","729600.0"
"178","2014/10","731940.0"
"179","2014/11","907413.0"
"180","2014/12","783652.0"
"181","2015/01","782742.0"
"182","2015/02","1322142.0"
"183","2015/03","910845.0"
"184","2015/04","552064.0"
"185","2015/05","576268.0"
"186","2015/06","593855.0"
"187","2015/07","614025.0"
"188","2015/08","623946.0"
"189","2015/09","675607.0"
"190","2015/10","606010.0"
"191","2015/11","628022.0"
"192","2015/12","772454.0"
"1345","2008/01","2322.0"
"1346","2008/02","2796.0"
"1347","2008/03","2072.0"
"1348","2008/04","2835.0"
"1349","2008/05","3579.0"
"1350","2008/06","3680.0"
"1351","2008/07","1827.0"
"1352","2008/08","1820.0"
"1353","2008/09","1884.0"
"1354","2008/10","1817.0"
"1355","2008/11","2643.0"
"1356","2008/12","2857.0"
"1357","2009/01","2831.0"
"1358","2009/02","1069.0"
"1359","2009/03","2277.0"
"1360","2009/04","3460.0"
"1361","2009/05","4183.0"
"1362","2009/06","3256.0"
"1363","2009/07","2324.0"
"1364","2009/08","2459.0"
"1365","2009/09","2469.0"
"1366","2009/10","3397.0"
"1367","2009/11","3929.0"
"1368","2009/12","3040.0"
"1369","2010/01","2356.0"
"1370","2010/02","2018.0"
"1371","2010/03","1804.0"
"1372","2010/04","2009.0"
"1373","2010/05","1730.0"
"1374","2010/06","1444.0"
"1375","2010/07","1387.0"
"1376","2010/08","1441.0"
"1377","2010/09","1416.0"
"1378","2010/10","1594.0"
"1379","2010/11","1880.0"
"1380","2010/12","1851.0"
"1381","2011/01","0.0"
"1382","2011/02","2477.0"
"1383","2011/03","2089.0"
"1384","2011/04","1963.0"
"1385","2011/05","1784.0"
"1386","2011/06","1610.0"
"1387","2011/07","1300.0"
"1388","2011/08","1437.0"
"1389","2011/09","1368.0"
"1390","2011/10","1581.0"
"1391","2011/11","2034.0"
"1392","2011/12","2502.0"
"1393","2012/01","2411.0"
"1394","2012/02","2192.0"
"1395","2012/03","2154.0"
"1396","2012/04","1797.0"
"1397","2012/05","1878.0"
"1398","2012/06","1568.0"
"1399","2012/07","1261.0"
"1400","2012/08","1466.0"
"1401","2012/09","1175.0"
"1402","2012/10","1629.0"
"1403","2012/11","1745.0"
"1404","2012/12","2198.0"
"1405","2013/01","2975.0"
"1406","2013/02","2340.0"
"1407","2013/03","7248.0"
"1408","2013/04","1893.0"
"1409","2013/05","2045.0"
"1410","2013/06","1472.0"
"1411","2013/07","1681.0"
"1412","2013/08","732.0"
"1413","2013/09","1476.0"
"1414","2013/10","1768.0"
"1415","2013/11","1564.0"
"1416","2013/12","2532.0"
"1417","2014/01","2842.0"
"1418","2014/02","2300.0"
"1419","2014/03","2503.0"
"1420","2014/04","1055.0"
"1421","2014/05","1737.0"
"1422","2014/06","1423.0"
"1423","2014/07","1422.0"
"1424","2014/08","1258.0"
"1425","2014/09","1260.0"
"1426","2014/10","1302.0"
"1427","2014/11","2177.0"
"1428","2014/12","3200.0"
"1429","2015/01","2918.0"
"1430","2015/02","2277.0"
"1431","2015/03","2623.0"
"1432","2015/04","2554.0"
"1433","2015/05","1660.0"
"1434","2015/06","1612.0"
"1435","2015/07","2133.0"
"1436","2015/08","215.0"
"1437","2015/09","1884.0"
"1438","2015/10","1737.0"
"1439","2015/11","2299.0"
"1440","2015/12","2667.0"
"2305","2008/01","92270.0"
"2306","2008/02","90545.0"
"2307","2008/03","93484.0"
"2308","2008/04","86196.0"
"2309","2008/05","89897.0"
"2310","2008/06","88239.0"
"2311","2008/07","101496.0"
"2312","2008/08","94201.0"
"2313","2008/09","82499.0"
"2314","2008/10","82398.0"
"2315","2008/11","86223.0"
"2316","2008/12","93023.0"
"2317","2009/01","101191.0"
"2318","2009/02","86127.0"
"2319","2009/03","91814.0"
"2320","2009/04","78814.0"
"2321","2009/05","80032.0"
"2322","2009/06","83934.0"
"2323","2009/07","93024.0"
"2324","2009/08","97144.0"
"2325","2009/09","64015.0"
"2326","2009/10","81557.0"
"2327","2009/11","82655.0"
"2328","2009/12","92745.0"
"2329","2010/01","92492.0"
"2330","2010/02","83431.0"
"2331","2010/03","85231.0"
"2332","2010/04","77550.0"
"2333","2010/05","77733.0"
"2334","2010/06","81917.0"
"2335","2010/07","88687.0"
"2336","2010/08","96845.0"
"2337","2010/09","76089.0"
"2338","2010/10","81003.0"
"2339","2010/11","83154.0"
"2340","2010/12","83062.0"
"2341","2011/01","88541.0"
"2342","2011/02","78528.0"
"2343","2011/03","85351.0"
"2344","2011/04","76337.0"
"2345","2011/05","78718.0"
"2346","2011/06","83159.0"
"2347","2011/07","89772.0"
"2348","2011/08","92884.0"
"2349","2011/09","83809.0"
"2350","2011/10","80731.0"
"2351","2011/11","75770.0"
"2352","2011/12","92113.0"
"2353","2012/01","96405.0"
"2354","2012/02","90670.0"
"2355","2012/03","87300.0"
"2356","2012/04","77778.0"
"2357","2012/05","84541.0"
"2358","2012/06","79181.0"
"2359","2012/07","76828.0"
"2360","2012/08","101257.0"
"2361","2012/09","81571.0"
"2362","2012/10","81742.0"
"2363","2012/11","84656.0"
"2364","2012/12","87673.0"
"2365","2013/01","82500.0"
"2366","2013/02","76404.0"
"2367","2013/03","85603.0"
"2368","2013/04","80141.0"
"2369","2013/05","72773.0"
"2370","2013/06","68223.0"
"2371","2013/07","77368.0"
"2372","2013/08","72864.0"
"2373","2013/09","57621.0"
"2374","2013/10","72603.0"
"2375","2013/11","70767.0"
"2376","2013/12","83485.0"
"2377","2014/01","81064.0"
"2378","2014/02","73907.0"
"2379","2014/03","71473.0"
"2380","2014/04","60088.0"
"2381","2014/05","85360.0"
"2382","2014/06","78489.0"
"2383","2014/07","64415.0"
"2384","2014/08","68319.0"
"2385","2014/09","51051.0"
"2386","2014/10","57521.0"
"2387","2014/11","64620.0"
"2388","2014/12","74738.0"
"2389","2015/01","86280.0"
"2390","2015/02","80803.0"
"2391","2015/03","83542.0"
"2392","2015/04","85838.0"
"2393","2015/05","58264.0"
"2394","2015/06","64079.0"
"2395","2015/07","93875.0"
"2396","2015/08","91797.0"
"2397","2015/09","59739.0"
"2398","2015/10","55131.0"
"2399","2015/11","57988.0"
"2400","2015/12","71762.0"
"3265","2008/01","64623.0"
"3266","2008/02","45683.0"
"3267","2008/03","24919.0"
"3268","2008/04","11234.0"
"3269","2008/05","30348.0"
"3270","2008/06","12164.0"
"3271","2008/07","33103.0"
"3272","2008/08","44191.0"
"3273","2008/09","19641.0"
"3274","2008/10","51950.0"
"3275","2008/11","86320.0"
"3276","2008/12","56384.0"
"3277","2009/01","35991.0"
"3278","2009/02","47768.0"
"3279","2009/03","18191.0"
"3280","2009/04","8618.0"
"3281","2009/05","4128.0"
"3282","2009/06","2797.0"
"3283","2009/07","28723.0"
"3284","2009/08","96913.0"
"3285","2009/09","20608.0"
"3286","2009/10","84458.0"
"3287","2009/11","88428.0"
"3288","2009/12","56544.0"
"3289","2010/01","29264.0"
"3290","2010/02","41047.0"
"3291","2010/03","33362.0"
"3292","2010/04","59979.0"
"3293","2010/05","480.0"
"3294","2010/06","8755.0"
"3295","2010/07","8586.0"
"3296","2010/08","13989.0"
"3297","2010/09","58392.0"
"3298","2010/10","27387.0"
"3299","2010/11","33570.0"
"3300","2010/12","81841.0"
"3301","2011/01","59135.0"
"3302","2011/02","26535.0"
"3303","2011/03","5706.0"
"3304","2011/04","75400.0"
"3305","2011/05","91533.0"
"3306","2011/06","47272.0"
"3307","2011/07","31179.0"
"3308","2011/08","45827.0"
"3309","2011/09","69117.0"
"3310","2011/10","25256.0"
"3311","2011/11","16646.0"
"3312","2011/12","29846.0"
"3313","2012/01","6590.0"
"3314","2012/02","937.0"
"3315","2012/03","50618.0"
"3316","2012/04","19572.0"
"3317","2012/05","17277.0"
"3318","2012/06","21960.0"
"3319","2012/07","9860.0"
"3320","2012/08","4175.0"
"3321","2012/09","8574.0"
"3322","2012/10","5180.0"
"3323","2012/11","17536.0"
"3324","2012/12","18603.0"
"3325","2013/01","48720.0"
"3326","2013/02","52900.0"
"3327","2013/03","51414.0"
"3328","2013/04","22543.0"
"3329","2013/05","22635.0"
"3330","2013/06","68122.0"
"3331","2013/07","42599.0"
"3332","2013/08","35077.0"
"3333","2013/09","53562.0"
"3334","2013/10","26478.0"
"3335","2013/11","13790.0"
"3336","2013/12","20846.0"
"3337","2014/01","42992.0"
"3338","2014/02","15520.0"
"3339","2014/03","13354.0"
"3340","2014/04","14099.0"
"3341","2014/05","16261.0"
"3342","2014/06","17375.0"
"3343","2014/07","39977.0"
"3344","2014/08","9344.0"
"3345","2014/09","4549.0"
"3346","2014/10","9344.0"
"3347","2014/11","20691.0"
"3348","2014/12","26808.0"
"3349","2015/01","31176.0"
"3350","2015/02","21168.0"
"3351","2015/03","28876.0"
"3352","2015/04","25215.0"
"3353","2015/05","58241.0"
"3354","2015/06","18515.0"
"3355","2015/07","38039.0"
"3356","2015/08","18051.0"
"3357","2015/09","31741.0"
"3358","2015/10","36276.0"
"3359","2015/11","28990.0"
"3360","2015/12","38929.0"
"4609","2008/01","333510.0"
"4610","2008/02","334887.0"
"4611","2008/03","292069.0"
"4612","2008/04","405144.0"
"4613","2008/05","501830.0"
"4614","2008/06","333880.0"
"4615","2008/07","208147.0"
"4616","2008/08","140197.0"
"4617","2008/09","421363.0"
"4618","2008/10","456413.0"
"4619","2008/11","383890.0"
"4620","2008/12","517255.0"
"4621","2009/01","862303.0"
"4622","2009/02","799121.0"
"4623","2009/03","656869.0"
"4624","2009/04","119414.0"
"4625","2009/05","186585.0"
"4626","2009/06","259631.0"
"4627","2009/07","287842.0"
"4628","2009/08","307224.0"
"4629","2009/09","537429.0"
"4630","2009/10","507684.0"
"4631","2009/11","361731.0"
"4632","2009/12","711443.0"
"4633","2010/01","940512.0"
"4634","2010/02","729565.0"
"4635","2010/03","741695.0"
"4636","2010/04","217631.0"
"4637","2010/05","456242.0"
"4638","2010/06","547390.0"
"4639","2010/07","490295.0"
"4640","2010/08","385478.0"
"4641","2010/09","418276.0"
"4642","2010/10","333303.0"
"4643","2010/11","370133.0"
"4644","2010/12","487086.0"
"4645","2011/01","693505.0"
"4646","2011/02","665961.0"
"4647","2011/03","466317.0"
"4648","2011/04","210538.0"
"4649","2011/05","221388.0"
"4650","2011/06","261588.0"
"4651","2011/07","265907.0"
"4652","2011/08","262165.0"
"4653","2011/09","324018.0"
"4654","2011/10","239614.0"
"4655","2011/11","310676.0"
"4656","2011/12","534030.0"
"4657","2012/01","699841.0"
"4658","2012/02","503720.0"
"4659","2012/03","577826.0"
"4660","2012/04","337831.0"
"4661","2012/05","306420.0"
"4662","2012/06","449928.0"
"4663","2012/07","464816.0"
"4664","2012/08","432829.0"
"4665","2012/09","445903.0"
"4666","2012/10","332174.0"
"4667","2012/11","259532.0"
"4668","2012/12","470447.0"
"4669","2013/01","503689.0"
"4670","2013/02","329126.0"
"4671","2013/03","387327.0"
"4672","2013/04","307473.0"
"4673","2013/05","77433.0"
"4674","2013/06","48847.0"
"4675","2013/07","57159.0"
"4676","2013/08","29992.0"
"4677","2013/09","39609.0"
"4678","2013/10","249822.0"
"4679","2013/11","180252.0"
"4680","2013/12","338137.0"
"4681","2014/01","376149.0"
"4682","2014/02","321436.0"
"4683","2014/03","239523.0"
"4684","2014/04","144409.0"
"4685","2014/05","105089.0"
"4686","2014/06","173551.0"
"4687","2014/07","78861.0"
"4688","2014/08","92742.0"
"4689","2014/09","56550.0"
"4690","2014/10","46684.0"
"4691","2014/11","90736.0"
"4692","2014/12","267212.0"
"4693","2015/01","420221.0"
"4694","2015/02","337514.0"
"4695","2015/03","407510.0"
"4696","2015/04","376122.0"
"4697","2015/05","119278.0"
"4698","2015/06","236884.0"
"4699","2015/07","187332.0"
"4700","2015/08","297447.0"
"4701","2015/09","129502.0"
"4702","2015/10","192188.0"
"4703","2015/11","78587.0"
"4704","2015/12","217755.0"
"6241","2008/01","4220942.0"
"6242","2008/02","3648411.0"
"6243","2008/03","3830608.0"
"6244","2008/04","3003444.0"
"6245","2008/05","3065508.0"
"6246","2008/06","2408313.0"
"6247","2008/07","2545744.0"
"6248","2008/08","2440310.0"
"6249","2008/09","2445169.0"
"6250","2008/10","2971731.0"
"6251","2008/11","3195072.0"
"6252","2008/12","3087953.0"
"6253","2009/01","3606449.0"
"6254","2009/02","2973062.0"
"6255","2009/03","3263928.0"
"6256","2009/04","2527794.0"
"6257","2009/05","2188365.0"
"6258","2009/06","1607031.0"
"6259","2009/07","1599332.0"
"6260","2009/08","1572194.0"
"6261","2009/09","1775600.0"
"6262","2009/10","2217281.0"
"6263","2009/11","3161391.0"
"6264","2009/12","3410295.0"
"6265","2010/01","3659267.0"
"6266","2010/02","3383732.0"
"6267","2010/03","3505627.0"
"6268","2010/04","2336370.0"
"6269","2010/05","2371073.0"
"6270","2010/06","2535865.0"
"6271","2010/07","2752335.0"
"6272","2010/08","2972732.0"
"6273","2010/09","3191415.0"
"6274","2010/10","3585411.0"
"6275","2010/11","4603529.0"
"6276","2010/12","4530157.0"
"6277","2011/01","4016283.0"
"6278","2011/02","3918322.0"
"6279","2011/03","3721085.0"
"6280","2011/04","3103277.0"
"6281","2011/05","2644353.0"
"6282","2011/06","2167178.0"
"6283","2011/07","2133697.0"
"6284","2011/08","2277754.0"
"6285","2011/09","2315798.0"
"6286","2011/10","2834844.0"
"6287","2011/11","3483121.0"
"6288","2011/12","3360693.0"
"6289","2012/01","3842747.0"
"6290","2012/02","3587761.0"
"6291","2012/03","3516451.0"
"6292","2012/04","2917586.0"
"6293","2012/05","2699507.0"
"6294","2012/06","2907508.0"
"6295","2012/07","2795798.0"
"6296","2012/08","2470917.0"
"6297","2012/09","2381467.0"
"6298","2012/10","2397350.0"
"6299","2012/11","3522459.0"
"6300","2012/12","3838390.0"
"6301","2013/01","4624069.0"
"6302","2013/02","3915910.0"
"6303","2013/03","3853118.0"
"6304","2013/04","2688720.0"
"6305","2013/05","2612037.0"
"6306","2013/06","1836633.0"
"6307","2013/07","2360931.0"
"6308","2013/08","2359920.0"
"6309","2013/09","2057936.0"
"6310","2013/10","2117199.0"
"6311","2013/11","3386415.0"
"6312","2013/12","4562175.0"
"6313","2014/01","4765812.0"
"6314","2014/02","3796445.0"
"6315","2014/03","4299111.0"
"6316","2014/04","2390373.0"
"6317","2014/05","2255162.0"
"6318","2014/06","1424029.0"
"6319","2014/07","1743445.0"
"6320","2014/08","1482675.0"
"6321","2014/09","2078562.0"
"6322","2014/10","2302449.0"
"6323","2014/11","3590506.0"
"6324","2014/12","3872603.0"
"6325","2015/01","4415339.0"
"6326","2015/02","4588772.0"
"6327","2015/03","3753493.0"
"6328","2015/04","2761904.0"
"6329","2015/05","2205259.0"
"6330","2015/06","1853574.0"
"6331","2015/07","1886805.0"
"6332","2015/08","1817075.0"
"6333","2015/09","1462881.0"
"6334","2015/10","2243904.0"
"6335","2015/11","2966931.0"
"6336","2015/12","3290341.0"
"7873","2008/01","728483.0"
"7874","2008/02","796243.0"
"7875","2008/03","849093.0"
"7876","2008/04","946714.0"
"7877","2008/05","1255366.0"
"7878","2008/06","1258720.0"
"7879","2008/07","1118562.0"
"7880","2008/08","542243.0"
"7881","2008/09","726935.0"
"7882","2008/10","699629.0"
"7883","2008/11","730392.0"
"7884","2008/12","481186.0"
"7885","2009/01","736986.0"
"7886","2009/02","492382.0"
"7887","2009/03","379859.0"
"7888","2009/04","299582.0"
"7889","2009/05","520881.0"
"7890","2009/06","415420.0"
"7891","2009/07","722973.0"
"7892","2009/08","794489.0"
"7893","2009/09","764862.0"
"7894","2009/10","605174.0"
"7895","2009/11","225567.0"
"7896","2009/12","359808.0"
"7897","2010/01","787809.0"
"7898","2010/02","754790.0"
"7899","2010/03","808094.0"
"7900","2010/04","520720.0"
"7901","2010/05","514417.0"
"7902","2010/06","489732.0"
"7903","2010/07","735566.0"
"7904","2010/08","673939.0"
"7905","2010/09","786418.0"
"7906","2010/10","451740.0"
"7907","2010/11","424735.0"
"7908","2010/12","422514.0"
"7909","2011/01","451728.0"
"7910","2011/02","454669.0"
"7911","2011/03","482154.0"
"7912","2011/04","599791.0"
"7913","2011/05","374696.0"
"7914","2011/06","435588.0"
"7915","2011/07","737998.0"
"7916","2011/08","624895.0"
"7917","2011/09","470913.0"
"7918","2011/10","329888.0"
"7919","2011/11","382090.0"
"7920","2011/12","360388.0"
"7921","2012/01","399727.0"
"7922","2012/02","334654.0"
"7923","2012/03","448440.0"
"7924","2012/04","608091.0"
"7925","2012/05","475924.0"
"7926","2012/06","438510.0"
"7927","2012/07","773035.0"
"7928","2012/08","645144.0"
"7929","2012/09","603197.0"
"7930","2012/10","450906.0"
"7931","2012/11","354796.0"
"7932","2012/12","231844.0"
"7933","2013/01","211981.0"
"7934","2013/02","302027.0"
"7935","2013/03","385353.0"
"7936","2013/04","403133.0"
"7937","2013/05","279535.0"
"7938","2013/06","415360.0"
"7939","2013/07","602856.0"
"7940","2013/08","578079.0"
"7941","2013/09","493980.0"
"7942","2013/10","568206.0"
"7943","2013/11","499097.0"
"7944","2013/12","452326.0"
"7945","2014/01","372806.0"
"7946","2014/02","807967.0"
"7947","2014/03","612114.0"
"7948","2014/04","322810.0"
"7949","2014/05","217297.0"
"7950","2014/06","272877.0"
"7951","2014/07","536451.0"
"7952","2014/08","518023.0"
"7953","2014/09","297968.0"
"7954","2014/10","274742.0"
"7955","2014/11","233553.0"
"7956","2014/12","316856.0"
"7957","2015/01","199545.0"
"7958","2015/02","381339.0"
"7959","2015/03","519112.0"
"7960","2015/04","336262.0"
"7961","2015/05","290102.0"
"7962","2015/06","181293.0"
"7963","2015/07","525522.0"
"7964","2015/08","442876.0"
"7965","2015/09","462103.0"
"7966","2015/10","1123717.0"
"7967","2015/11","334980.0"
"7968","2015/12","337915.0"
"9409","2008/01","102266.0"
"9410","2008/02","83771.0"
"9411","2008/03","77039.0"
"9412","2008/04","70542.0"
"9413","2008/05","70714.0"
"9414","2008/06","78548.0"
"9415","2008/07","74397.0"
"9416","2008/08","80718.0"
"9417","2008/09","67995.0"
"9418","2008/10","61981.0"
"9419","2008/11","64800.0"
"9420","2008/12","170239.0"
"9421","2009/01","157348.0"
"9422","2009/02","76501.0"
"9423","2009/03","106285.0"
"9424","2009/04","66519.0"
"9425","2009/05","75466.0"
"9426","2009/06","89081.0"
"9427","2009/07","81438.0"
"9428","2009/08","70113.0"
"9429","2009/09","81926.0"
"9430","2009/10","87259.0"
"9431","2009/11","88991.0"
"9432","2009/12","193903.0"
"9433","2010/01","193997.0"
"9434","2010/02","122696.0"
"9435","2010/03","84307.0"
"9436","2010/04","83587.0"
"9437","2010/05","203958.0"
"9438","2010/06","68223.0"
"9439","2010/07","78745.0"
"9440","2010/08","54188.0"
"9441","2010/09","49642.0"
"9442","2010/10","60451.0"
"9443","2010/11","81146.0"
"9444","2010/12","102761.0"
"9445","2011/01","110429.0"
"9446","2011/02","58835.0"
"9447","2011/03","56800.0"
"9448","2011/04","49943.0"
"9449","2011/05","64036.0"
"9450","2011/06","75217.0"
"9451","2011/07","71042.0"
"9452","2011/08","105907.0"
"9453","2011/09","88977.0"
"9454","2011/10","4231.0"
"9455","2011/11","25378.0"
"9456","2011/12","55207.0"
"9457","2012/01","47602.0"
"9458","2012/02","99384.0"
"9459","2012/03","81146.0"
"9460","2012/04","55918.0"
"9461","2012/05","39554.0"
"9462","2012/06","37636.0"
"9463","2012/07","3668.0"
"9464","2012/08","2895.0"
"9465","2012/09","2470.0"
"9466","2012/10","20662.0"
"9467","2012/11","49216.0"
"9468","2012/12","154813.0"
"9469","2013/01","129519.0"
"9470","2013/02","61901.0"
"9471","2013/03","18045.0"
"9472","2013/04","23590.0"
"9473","2013/05","7751.0"
"9474","2013/06","12745.0"
"9475","2013/07","10005.0"
"9476","2013/08","17560.0"
"9477","2013/09","14497.0"
"9478","2013/10","7427.0"
"9479","2013/11","30683.0"
"9480","2013/12","98448.0"
"9481","2014/01","194505.0"
"9482","2014/02","157072.0"
"9483","2014/03","79237.0"
"9484","2014/04","22827.0"
"9485","2014/05","3403.0"
"9486","2014/06","4878.0"
"9487","2014/07","10285.0"
"9488","2014/08","28105.0"
"9489","2014/09","22442.0"
"9490","2014/10","19074.0"
"9491","2014/11","88757.0"
"9492","2014/12","88008.0"
"9493","2015/01","56255.0"
"9494","2015/02","48492.0"
"9495","2015/03","64797.0"
"9496","2015/04","38550.0"
"9497","2015/05","24929.0"
"9498","2015/06","17372.0"
"9499","2015/07","36968.0"
"9500","2015/08","53558.0"
"9501","2015/09","17610.0"
"9502","2015/10","40809.0"
"9503","2015/11","65641.0"
"9504","2015/12","87154.0"
"11041","2008/01","144798.0"
"11042","2008/02","162722.0"
"11043","2008/03","192880.0"
"11044","2008/04","127202.0"
"11045","2008/05","124012.0"
"11046","2008/06","81412.0"
"11047","2008/07","82068.0"
"11048","2008/08","119822.0"
"11049","2008/09","149019.0"
"11050","2008/10","156527.0"
"11051","2008/11","165366.0"
"11052","2008/12","167473.0"
"11053","2009/01","122063.0"
"11054","2009/02","93880.0"
"11055","2009/03","185632.0"
"11056","2009/04","146432.0"
"11057","2009/05","118095.0"
"11058","2009/06","126214.0"
"11059","2009/07","110669.0"
"11060","2009/08","108740.0"
"11061","2009/09","116917.0"
"11062","2009/10","139864.0"
"11063","2009/11","144140.0"
"11064","2009/12","154179.0"
"11065","2010/01","144380.0"
"11066","2010/02","140633.0"
"11067","2010/03","134943.0"
"11068","2010/04","135971.0"
"11069","2010/05","151083.0"
"11070","2010/06","78015.0"
"11071","2010/07","71881.0"
"11072","2010/08","130382.0"
"11073","2010/09","105366.0"
"11074","2010/10","134224.0"
"11075","2010/11","155140.0"
"11076","2010/12","134850.0"
"11077","2011/01","118946.0"
"11078","2011/02","93968.0"
"11079","2011/03","118486.0"
"11080","2011/04","104408.0"
"11081","2011/05","98659.0"
"11082","2011/06","171760.0"
"11083","2011/07","103434.0"
"11084","2011/08","107458.0"
"11085","2011/09","119151.0"
"11086","2011/10","65039.0"
"11087","2011/11","63973.0"
"11088","2011/12","62660.0"
"11089","2012/01","102079.0"
"11090","2012/02","73486.0"
"11091","2012/03","51017.0"
"11092","2012/04","22734.0"
"11093","2012/05","40297.0"
"11094","2012/06","17753.0"
"11095","2012/07","25934.0"
"11096","2012/08","30841.0"
"11097","2012/09","38674.0"
"11098","2012/10","45285.0"
"11099","2012/11","51260.0"
"11100","2012/12","80730.0"
"11101","2013/01","65107.0"
"11102","2013/02","39085.0"
"11103","2013/03","79803.0"
"11104","2013/04","40293.0"
"11105","2013/05","16293.0"
"11106","2013/06","15631.0"
"11107","2013/07","10444.0"
"11108","2013/08","55807.0"
"11109","2013/09","54022.0"
"11110","2013/10","58294.0"
"11111","2013/11","43840.0"
"11112","2013/12","57863.0"
"11113","2014/01","67064.0"
"11114","2014/02","92135.0"
"11115","2014/03","128713.0"
"11116","2014/04","78374.0"
"11117","2014/05","37907.0"
"11118","2014/06","27217.0"
"11119","2014/07","24100.0"
"11120","2014/08","39382.0"
"11121","2014/09","45328.0"
"11122","2014/10","77909.0"
"11123","2014/11","79582.0"
"11124","2014/12","70697.0"
"11125","2015/01","62518.0"
"11126","2015/02","53713.0"
"11127","2015/03","72423.0"
"11128","2015/04","21660.0"
"11129","2015/05","28516.0"
"11130","2015/06","24880.0"
"11131","2015/07","42887.0"
"11132","2015/08","28455.0"
"11133","2015/09","38949.0"
"11134","2015/10","65183.0"
"11135","2015/11","8376.0"
"11136","2015/12","6546.0"
"12673","2008/01","210764.0"
"12674","2008/02","199079.0"
"12675","2008/03","160041.0"
"12676","2008/04","291691.0"
"12677","2008/05","417489.0"
"12678","2008/06","367464.0"
"12679","2008/07","226214.0"
"12680","2008/08","186538.0"
"12681","2008/09","130796.0"
"12682","2008/10","331360.0"
"12683","2008/11","314245.0"
"12684","2008/12","277853.0"
"12685","2009/01","337894.0"
"12686","2009/02","274005.0"
"12687","2009/03","230941.0"
"12688","2009/04","161008.0"
"12689","2009/05","267261.0"
"12690","2009/06","233633.0"
"12691","2009/07","299202.0"
"12692","2009/08","145859.0"
"12693","2009/09","118980.0"
"12694","2009/10","115466.0"
"12695","2009/11","236432.0"
"12696","2009/12","195341.0"
"12697","2010/01","164870.0"
"12698","2010/02","126434.0"
"12699","2010/03","101742.0"
"12700","2010/04","176800.0"
"12701","2010/05","296758.0"
"12702","2010/06","385080.0"
"12703","2010/07","298398.0"
"12704","2010/08","164191.0"
"12705","2010/09","28545.0"
"12706","2010/10","189062.0"
"12707","2010/11","197369.0"
"12708","2010/12","304902.0"
"12709","2011/01","365961.0"
"12710","2011/02","415261.0"
"12711","2011/03","499903.0"
"12712","2011/04","463942.0"
"12713","2011/05","361145.0"
"12714","2011/06","313694.0"
"12715","2011/07","389700.0"
"12716","2011/08","356353.0"
"12717","2011/09","388584.0"
"12718","2011/10","315413.0"
"12719","2011/11","377427.0"
"12720","2011/12","289109.0"
"12721","2012/01","261781.0"
"12722","2012/02","311634.0"
"12723","2012/03","329618.0"
"12724","2012/04","521762.0"
"12725","2012/05","485345.0"
"12726","2012/06","470598.0"
"12727","2012/07","502571.0"
"12728","2012/08","349014.0"
"12729","2012/09","211870.0"
"12730","2012/10","294941.0"
"12731","2012/11","411578.0"
"12732","2012/12","306965.0"
"12733","2013/01","331885.0"
"12734","2013/02","178977.0"
"12735","2013/03","431444.0"
"12736","2013/04","424311.0"
"12737","2013/05","264030.0"
"12738","2013/06","295208.0"
"12739","2013/07","227486.0"
"12740","2013/08","110855.0"
"12741","2013/09","166336.0"
"12742","2013/10","176452.0"
"12743","2013/11","154491.0"
"12744","2013/12","185998.0"
"12745","2014/01","203946.0"
"12746","2014/02","268335.0"
"12747","2014/03","327090.0"
"12748","2014/04","258330.0"
"12749","2014/05","260941.0"
"12750","2014/06","227540.0"
"12751","2014/07","280308.0"
"12752","2014/08","139832.0"
"12753","2014/09","35122.0"
"12754","2014/10","82762.0"
"12755","2014/11","130677.0"
"12756","2014/12","88128.0"
"12757","2015/01","193883.0"
"12758","2015/02","242551.0"
"12759","2015/03","112185.0"
"12760","2015/04","41560.0"
"12761","2015/05","126300.0"
"12762","2015/06","258718.0"
"12763","2015/07","74493.0"
"12764","2015/08","107608.0"
"12765","2015/09","50467.0"
"12766","2015/10","34707.0"
"12767","2015/11","46538.0"
"12768","2015/12","91267.0"
"14017","2008/01","685216.0"
"14018","2008/02","707854.0"
"14019","2008/03","1144230.0"
"14020","2008/04","944506.0"
"14021","2008/05","1368729.0"
"14022","2008/06","2078955.0"
"14023","2008/07","1038055.0"
"14024","2008/08","783260.0"
"14025","2008/09","902758.0"
"14026","2008/10","845583.0"
"14027","2008/11","929488.0"
"14028","2008/12","933308.0"
"14029","2009/01","1195037.0"
"14030","2009/02","954336.0"
"14031","2009/03","1121555.0"
"14032","2009/04","1076986.0"
"14033","2009/05","864253.0"
"14034","2009/06","1112317.0"
"14035","2009/07","908852.0"
"14036","2009/08","966541.0"
"14037","2009/09","940702.0"
"14038","2009/10","1026546.0"
"14039","2009/11","781357.0"
"14040","2009/12","822774.0"
"14041","2010/01","572315.0"
"14042","2010/02","520927.0"
"14043","2010/03","1017931.0"
"14044","2010/04","951701.0"
"14045","2010/05","1087766.0"
"14046","2010/06","878889.0"
"14047","2010/07","802595.0"
"14048","2010/08","1001951.0"
"14049","2010/09","1084456.0"
"14050","2010/10","958831.0"
"14051","2010/11","848091.0"
"14052","2010/12","692753.0"
"14053","2011/01","1084597.0"
"14054","2011/02","1043349.0"
"14055","2011/03","1108137.0"
"14056","2011/04","1240283.0"
"14057","2011/05","968949.0"
"14058","2011/06","925811.0"
"14059","2011/07","846691.0"
"14060","2011/08","595078.0"
"14061","2011/09","555356.0"
"14062","2011/10","598419.0"
"14063","2011/11","610425.0"
"14064","2011/12","618273.0"
"14065","2012/01","538309.0"
"14066","2012/02","552655.0"
"14067","2012/03","828469.0"
"14068","2012/04","878770.0"
"14069","2012/05","897565.0"
"14070","2012/06","872819.0"
"14071","2012/07","575188.0"
"14072","2012/08","471103.0"
"14073","2012/09","547850.0"
"14074","2012/10","583553.0"
"14075","2012/11","570169.0"
"14076","2012/12","762262.0"
"14077","2013/01","554330.0"
"14078","2013/02","527881.0"
"14079","2013/03","660064.0"
"14080","2013/04","1037401.0"
"14081","2013/05","848144.0"
"14082","2013/06","644669.0"
"14083","2013/07","826758.0"
"14084","2013/08","730105.0"
"14085","2013/09","620837.0"
"14086","2013/10","856293.0"
"14087","2013/11","762314.0"
"14088","2013/12","627952.0"
"14089","2014/01","647743.0"
"14090","2014/02","597823.0"
"14091","2014/03","1252144.0"
"14092","2014/04","1087445.0"
"14093","2014/05","1018821.0"
"14094","2014/06","888911.0"
"14095","2014/07","824849.0"
"14096","2014/08","770982.0"
"14097","2014/09","726734.0"
"14098","2014/10","746089.0"
"14099","2014/11","804139.0"
"14100","2014/12","717990.0"
"14101","2015/01","580478.0"
"14102","2015/02","894401.0"
"14103","2015/03","785953.0"
"14104","2015/04","472602.0"
"14105","2015/05","512842.0"
"14106","2015/06","465340.0"
"14107","2015/07","588598.0"
"14108","2015/08","588903.0"
"14109","2015/09","556423.0"
"14110","2015/10","637523.0"
"14111","2015/11","637334.0"
"14112","2015/12","716130.0"
